season,season_label,club_id,club_name,posicion_final,partidos_jugados,puntos,goles_favor,goles_contra,diferencia_goles,gasto_eur,gasto_millones,cantidad_fichajes,puntos_esperados,residuo_eficiencia
2012,2012/13,985,Manchester United,1,38,89,86,43,43,33250000.0,33.25,8,49.20438243462683,39.79561756537317
2012,2012/13,281,Manchester City,2,38,78,66,34,32,15200000.0,15.2,2,47.81310783052272,30.186892169477282
2012,2012/13,631,Chelsea FC,3,38,75,75,39,36,20800000.0,20.8,8,48.24474981295945,26.755250187040552
2012,2012/13,11,Arsenal FC,4,38,73,72,37,35,46000000.0,46.0,5,50.18713873392475,22.812861266075252
2012,2012/13,148,Tottenham Hotspur,5,38,72,66,46,20,36850000.0,36.85,11,49.4818665661933,22.518133433806703
2012,2012/13,29,Everton FC,6,38,63,55,40,15,3750000.0,3.75,5,46.93055413429047,16.069445865709532
2012,2012/13,31,Liverpool FC,7,38,61,71,43,28,32000000.0,32.0,6,49.108033777832915,11.891966222167085
2012,2012/13,2288,Swansea City,8,38,46,47,51,-4,7000000.0,7.0,2,47.181060641954645,-1.1810606419546446
2012,2012/13,512,Stoke City,9,38,42,34,45,-11,8200000.0,8.2,3,47.2735553524768,-5.273555352476798
2012,2012/13,180,Southampton FC,10,38,41,49,60,-11,18800000.0,18.8,5,48.090591962089185,-7.090591962089185
2012,2012/13,405,Aston Villa,11,38,41,47,69,-22,2500000.0,2.5,2,46.83420547749655,-5.834205477496553
2012,2012/13,762,Newcastle United,12,38,41,45,68,-23,5500000.0,5.5,6,47.06544225380195,-6.0654422538019475
2012,2012/13,1039,Queens Park Rangers,13,38,25,30,60,-30,3750000.0,3.75,2,46.93055413429047,-21.930554134290468
2013,2013/14,281,Manchester City,1,38,86,102,37,65,71000000.0,71.0,3,52.11411186980302,33.88588813019698
2013,2013/14,31,Liverpool FC,2,38,84,101,50,51,48400000.0,48.4,9,50.37212815496906,33.62787184503094
2013,2013/14,631,Chelsea FC,3,38,82,71,27,44,105350000.0,105.35,21,54.76177295849976,27.238227041500238
2013,2013/14,11,Arsenal FC,4,38,79,68,41,27,500000.0,0.5,5,46.68004762662629,32.31995237337371
2013,2013/14,29,Everton FC,5,38,72,61,39,22,19300000.0,19.3,9,48.12913142480675,23.87086857519325
2013,2013/14,148,Tottenham Hotspur,6,38,69,55,51,4,72800000.0,72.8,11,52.25285393558625,16.747146064413748
2013,2013/14,985,Manchester United,7,38,64,64,43,21,44730000.0,44.73,8,50.089248498622126,13.910751501377874
2013,2013/14,180,Southampton FC,8,38,56,54,46,8,10000000.0,10.0,2,47.41229741826003,8.587702581739968
2013,2013/14,512,Stoke City,9,38,50,45,52,-7,2800000.0,2.8,5,46.85732915512709,3.14267084487291
2013,2013/14,873,Crystal Palace,10,38,45,33,48,-15,10950000.0,10.95,4,47.48552239742341,-2.4855223974234093
2013,2013/14,2288,Swansea City,11,38,42,54,54,0,8700000.0,8.7,3,47.312094815194364,-5.312094815194364
2013,2013/14,289,Sunderland AFC,12,38,38,41,60,-19,7150000.0,7.15,10,47.19262248076991,-9.192622480769913
2013,2013/14,405,Aston Villa,13,38,38,39,61,-22,3500000.0,3.5,5,46.911284402931685,-8.911284402931685
2013,2013/14,1123,Norwich City,14,38,33,28,62,-34,17800000.0,17.8,5,48.013513036654054,-15.013513036654054
2013,2013/14,603,Cardiff City,15,38,30,32,74,-42,16875000.0,16.875,8,47.942215030626556,-17.942215030626556
2014,2014/15,631,Chelsea FC,1,38,87,73,32,41,33500000.0,33.5,15,49.22365216598561,37.77634783401439
2014,2014/15,281,Manchester City,2,38,79,83,38,45,62500000.0,62.5,8,51.45894100360441,27.54105899639559
2014,2014/15,11,Arsenal FC,3,38,75,71,36,35,101730000.0,101.73,12,54.48274724842459,20.517252751575413
2014,2014/15,985,Manchester United,4,38,70,62,37,25,187750000.0,187.75,14,61.11307641435455,8.886923585645448
2014,2014/15,148,Tottenham Hotspur,5,38,64,58,53,5,42780000.0,42.78,11,49.938944594023624,14.061055405976376
2014,2014/15,31,Liverpool FC,6,38,62,52,48,4,143930000.0,143.93,14,57.735477901787114,4.264522098212886
2014,2014/15,180,Southampton FC,7,38,60,54,33,21,49500000.0,49.5,6,50.4569149729477,9.5430850270523
2014,2014/15,2288,Swansea City,8,38,56,46,49,-3,15990000.0,15.99,7,47.874000181616466,8.125999818383534
2014,2014/15,873,Crystal Palace,9,38,48,47,51,-4,9100000.0,9.1,3,47.342926385368415,0.6570736146315852
2014,2014/15,29,Everton FC,10,38,47,48,50,-2,40160000.0,40.16,6,49.73699780938358,-2.736997809383581
2014,2014/15,379,West Ham United,11,38,47,44,47,-3,27250000.0,27.25,4,48.74190888201604,-1.741908882016041
2014,2014/15,984,West Bromwich Albion,12,38,44,38,51,-13,2400000.0,2.4,1,46.82649758495304,-2.8264975849530387
2014,2014/15,1003,Leicester City,13,38,41,46,55,-9,10260000.0,10.26,4,47.43233793887317,-6.432337938873168
2014,2014/15,762,Newcastle United,14,38,39,40,63,-23,22000000.0,22.0,8,48.3372445234816,-9.337244523481601
2014,2014/15,289,Sunderland AFC,15,38,38,31,53,-22,1900000.0,1.9,5,46.78795812223547,-8.787958122235473
2014,2014/15,405,Aston Villa,16,38,38,31,57,-26,4200000.0,4.2,6,46.96523965073627,-8.965239650736272
2014,2014/15,3008,Hull City,17,38,35,33,51,-18,6750000.0,6.75,5,47.16179091059586,-12.161790910595862
2014,2014/15,1132,Burnley FC,18,38,33,28,53,-25,2560000.0,2.56,2,46.83883021302266,-13.83883021302266
2014,2014/15,1039,Queens Park Rangers,19,38,30,42,73,-31,15118000.0,15.118,8,47.80678735863703,-17.80678735863703
2015,2015/16,1003,Leicester City,1,38,81,68,36,32,38700000.0,38.7,10,49.62446257824829,31.37553742175171
2015,2015/16,11,Arsenal FC,2,38,71,65,36,29,12500000.0,12.5,4,47.60499473184786,23.39500526815214
2015,2015/16,148,Tottenham Hotspur,3,38,70,69,35,34,65000000.0,65.0,7,51.65163831719223,18.34836168280777
2015,2015/16,281,Manchester City,4,38,66,71,41,30,189770000.0,189.77,16,61.268775843733515,4.731224156266485
2015,2015/16,985,Manchester United,5,38,66,49,35,14,147000000.0,147.0,6,57.97211020287297,8.027889797127031
2015,2015/16,180,Southampton FC,6,38,63,59,41,18,51700000.0,51.7,7,50.62648860890499,12.373511391095008
2015,2015/16,379,West Ham United,7,38,62,65,51,14,31300000.0,31.3,9,49.05407853002832,12.94592146997168
2015,2015/16,31,Liverpool FC,8,38,60,63,50,13,39000000.0,39.0,14,49.64758625587883,10.352413744121172
2015,2015/16,512,Stoke City,9,38,51,41,55,-14,49850000.0,49.85,5,50.48389259685,0.5161074031500021
2015,2015/16,631,Chelsea FC,10,38,50,59,53,6,80100000.0,80.1,19,52.81553009126271,-2.8155300912627084
2015,2015/16,29,Everton FC,11,38,47,59,55,4,19600000.0,19.6,3,48.15225510243729,-1.1522551024372873
2015,2015/16,2288,Swansea City,12,38,47,42,52,-10,1200000.0,1.2,8,46.734002874430885,0.2659971255691147
2015,2015/16,1010,Watford FC,13,38,45,40,50,-10,42800000.0,42.8,12,49.940486172532324,-4.940486172532324
2015,2015/16,984,West Bromwich Albion,14,38,43,34,48,-14,25300000.0,25.3,4,48.59160497741754,-5.591604977417539
2015,2015/16,873,Crystal Palace,15,38,42,39,51,-12,4900000.0,4.9,1,47.01919489854087,-5.019194898540867
2015,2015/16,989,AFC Bournemouth,16,38,42,45,67,-22,21300000.0,21.3,5,48.283289275677014,-6.283289275677014
2015,2015/16,289,Sunderland AFC,17,38,39,48,62,-14,14600000.0,14.6,6,47.76686047526164,-8.766860475261637
2015,2015/16,762,Newcastle United,18,38,37,44,65,-21,100910000.0,100.91,14,54.419542529567785,-17.419542529567785
2015,2015/16,1123,Norwich City,19,38,34,39,67,-28,19200000.0,19.2,9,48.121423532263236,-14.121423532263236
2015,2015/16,405,Aston Villa,20,38,17,27,76,-49,52000000.0,52.0,7,50.64961228653553,-33.64961228653553
2016,2016/17,631,Chelsea FC,1,38,93,85,33,52,97800000.0,97.8,12,54.17982707146453,38.82017292853547
2016,2016/17,148,Tottenham Hotspur,2,38,86,86,26,60,57000000.0,57.0,6,51.035006913711186,34.964993086288814
2016,2016/17,281,Manchester City,3,38,78,80,39,41,198250000.0,198.25,24,61.922405131423425,16.077594868576575
2016,2016/17,31,Liverpool FC,4,38,76,78,42,36,74900000.0,74.9,9,52.41471967900003,23.58528032099997
2016,2016/17,11,Arsenal FC,5,38,75,77,44,33,72000000.0,72.0,8,52.19119079523815,22.80880920476185
2016,2016/17,985,Manchester United,6,38,69,54,29,25,185000000.0,185.0,7,60.90110936940794,8.09889063059206
2016,2016/17,29,Everton FC,7,38,61,62,44,18,71000000.0,71.0,8,52.11411186980302,8.885888130196982
2016,2016/17,180,Southampton FC,8,38,46,41,48,-7,51900000.0,51.9,5,50.64190439399202,-4.6419043939920215
2016,2016/17,989,AFC Bournemouth,9,38,46,55,67,-12,14440000.0,14.44,4,47.754527847192016,-1.7545278471920156
2016,2016/17,379,West Ham United,10,38,45,47,64,-17,58800000.0,58.8,12,51.17374897949442,-6.17374897949442
2016,2016/17,984,West Bromwich Albion,11,38,45,43,51,-8,19900000.0,19.9,2,48.17537878006783,-3.175378780067831
2016,2016/17,512,Stoke City,12,38,44,41,56,-15,19120000.0,19.12,5,48.11525721822843,-4.115257218228429
2016,2016/17,1003,Leicester City,13,38,44,48,63,-15,92100000.0,92.1,10,53.74047719648428,-9.740477196484278
2016,2016/17,873,Crystal Palace,14,38,41,50,63,-13,51600000.0,51.6,6,50.61878071636148,-9.618780716361478
2016,2016/17,2288,Swansea City,15,38,41,45,70,-25,13900000.0,13.9,5,47.71290522745704,-6.712905227457043
2016,2016/17,1010,Watford FC,16,38,40,40,68,-28,44450000.0,44.45,9,50.0676663995003,-10.067666399500297
2016,2016/17,1132,Burnley FC,17,38,40,39,55,-16,37000000.0,37.0,9,49.493428405008565,-9.493428405008565
2016,2016/17,3008,Hull City,18,38,34,37,80,-43,13100000.0,13.1,3,47.65124208710894,-13.65124208710894
2016,2016/17,641,Middlesbrough FC,19,38,28,27,53,-26,18750000.0,18.75,6,48.08673801581743,-20.08673801581743
2016,2016/17,289,Sunderland AFC,20,38,24,29,69,-40,16250000.0,16.25,6,47.8940407022296,-23.894040702229603
2017,2017/18,281,Manchester City,1,38,100,106,27,79,313700000.0,313.7,19,70.82116707290929,29.17883292709071
2017,2017/18,985,Manchester United,2,38,81,68,28,40,198400000.0,198.4,8,61.93396697023869,19.066033029761307
2017,2017/18,148,Tottenham Hotspur,3,38,77,74,36,38,105900000.0,105.9,7,54.80416636748909,22.19583363251091
2017,2017/18,31,Liverpool FC,4,38,75,84,38,46,173650000.0,173.65,12,60.026263565719205,14.973736434280795
2017,2017/18,631,Chelsea FC,5,38,70,62,38,24,222600000.0,222.6,19,63.79927696576886,6.200723034231139
2017,2017/18,11,Arsenal FC,6,38,63,74,51,23,152850000.0,152.85,10,58.42302191666848,4.576978083331518
2017,2017/18,1132,Burnley FC,7,38,54,36,39,-3,25500000.0,25.5,5,48.60702076250456,5.392979237495439
2017,2017/18,29,Everton FC,8,38,49,44,58,-14,180700000.0,180.7,15,60.56966999003688,-11.569669990036878
2017,2017/18,1003,Leicester City,9,38,47,56,60,-4,78900000.0,78.9,11,52.723035380740555,-5.723035380740555
2017,2017/18,762,Newcastle United,10,38,44,39,47,-8,31800000.0,31.8,18,49.092617992745886,-5.092617992745886
2017,2017/18,873,Crystal Palace,11,38,44,45,55,-10,53200000.0,53.2,6,50.74210699705769,-6.7421069970576895
2017,2017/18,989,AFC Bournemouth,12,38,44,45,61,-16,34300000.0,34.3,4,49.285315306333715,-5.285315306333715
2017,2017/18,379,West Ham United,13,38,42,48,68,-20,25300000.0,25.3,9,48.59160497741754,-6.591604977417539
2017,2017/18,1010,Watford FC,14,38,41,44,64,-20,52800000.0,52.8,18,50.71127542688364,-9.711275426883638
2017,2017/18,1237,Brighton & Hove Albion,15,38,40,34,54,-20,24400000.0,24.4,9,48.522233944525915,-8.522233944525915
2017,2017/18,1110,Huddersfield Town,16,38,37,28,58,-30,33350000.0,33.35,9,49.212090327170344,-12.212090327170344
2017,2017/18,180,Southampton FC,17,38,36,37,56,-19,61250000.0,61.25,7,51.362592346810494,-15.362592346810494
2017,2017/18,512,Stoke City,18,38,33,35,68,-33,23700000.0,23.7,7,48.46827869672133,-15.468278696721327
2017,2017/18,2288,Swansea City,19,38,33,28,56,-28,22800000.0,22.8,7,48.39890766382971,-15.39890766382971
2017,2017/18,984,West Bromwich Albion,20,38,31,31,56,-25,41100000.0,41.1,6,49.809451999292605,-18.809451999292605
2018,2018/19,281,Manchester City,1,38,98,95,23,72,78590000.0,78.59,17,52.699140913855665,45.300859086144335
2018,2018/19,31,Liverpool FC,2,38,97,89,22,67,192200000.0,192.2,15,61.45607763254088,35.54392236745912
2018,2018/19,631,Chelsea FC,3,38,72,63,39,24,201000000.0,201.0,19,62.134372176370036,9.865627823629964
2018,2018/19,11,Arsenal FC,4,38,70,73,51,22,77650000.0,77.65,9,52.62668672394664,17.37331327605336
2018,2018/19,985,Manchester United,5,38,66,65,54,11,81000000.0,81.0,5,52.884901124154325,13.115098875845675
2018,2018/19,543,Wolverhampton Wanderers,6,38,57,47,46,1,97600000.0,97.6,16,54.1644112863775,2.8355887136224993
2018,2018/19,29,Everton FC,7,38,54,54,46,8,89650000.0,89.65,15,53.55163382916821,0.44836617083178965
2018,2018/19,379,West Ham United,8,38,52,52,55,-3,99400000.0,99.4,12,54.303153352160734,-2.3031533521607344
2018,2018/19,1003,Leicester City,9,38,52,51,48,3,114600000.0,114.6,14,55.47475301877473,-3.4747530187747273
2018,2018/19,1010,Watford FC,10,38,50,52,59,-7,23350000.0,23.35,13,48.44130107281903,1.55869892718097
2018,2018/19,873,Crystal Palace,11,38,49,51,53,-2,10700000.0,10.7,6,47.46625266606463,1.5337473339353735
2018,2018/19,762,Newcastle United,12,38,45,42,48,-6,49700000.0,49.7,10,50.47233075803473,-5.47233075803473
2018,2018/19,989,AFC Bournemouth,13,38,45,56,70,-14,91600000.0,91.6,9,53.70193773376671,-8.701937733766712
2018,2018/19,1132,Burnley FC,14,38,40,45,68,-23,16100000.0,16.1,3,47.882478863414335,-7.882478863414335
2018,2018/19,180,Southampton FC,15,38,39,45,65,-20,62250000.0,62.25,13,51.439671272245626,-12.439671272245626
2018,2018/19,1237,Brighton & Hove Albion,16,38,36,35,60,-25,77120000.0,77.12,22,52.58583489346602,-16.58583489346602
2018,2018/19,603,Cardiff City,17,38,34,34,69,-35,11350000.0,11.35,3,47.51635396759746,-13.51635396759746
2018,2018/19,931,Fulham FC,18,38,26,34,81,-47,49550000.0,49.55,8,50.46076891921946,-24.46076891921946
2018,2018/19,1110,Huddersfield Town,19,38,16,22,76,-54,10000000.0,10.0,5,47.41229741826003,-31.41229741826003
2019,2019/20,31,Liverpool FC,1,38,99,85,33,52,10400000.0,10.4,13,47.44312898843408,51.55687101156592
2019,2019/20,281,Manchester City,2,38,81,102,35,67,169820000.0,169.82,23,59.731051281302655,21.268948718697345
2019,2019/20,631,Chelsea FC,3,38,66,69,54,15,45000000.0,45.0,12,50.110059808489616,15.889940191510384
2019,2019/20,985,Manchester United,4,38,66,66,36,30,224800000.0,224.8,9,63.968850601726146,2.031149398273854
2019,2019/20,1003,Leicester City,5,38,62,67,41,26,104300000.0,104.3,9,54.68084008679288,7.319159913207123
2019,2019/20,148,Tottenham Hotspur,6,38,59,61,47,14,130000000.0,130.0,11,56.66176847047574,2.3382315295242577
2019,2019/20,543,Wolverhampton Wanderers,7,38,59,51,40,11,116700000.0,116.7,18,55.636618762188505,3.3633812378114953
2019,2019/20,11,Arsenal FC,8,38,56,56,48,8,144100000.0,144.1,14,57.74858131911108,-1.7485813191110822
2019,2019/20,350,Sheffield United,9,38,54,39,39,0,59100000.0,59.1,11,51.19687265712496,2.8031273428750367
2019,2019/20,1132,Burnley FC,10,38,54,43,50,-7,22750000.0,22.75,4,48.39505371755795,5.60494628244205
2019,2019/20,180,Southampton FC,11,38,52,51,60,-9,57500000.0,57.5,13,51.07354637642875,0.9264536235712484
2019,2019/20,29,Everton FC,12,38,49,44,56,-12,109000000.0,109.0,15,55.04311103633799,-6.04311103633799
2019,2019/20,762,Newcastle United,13,38,44,38,58,-20,66900000.0,66.9,9,51.79808827551898,-7.798088275518978
2019,2019/20,873,Crystal Palace,14,38,43,31,50,-19,6100000.0,6.1,3,47.11168960906302,-4.111689609063021
2019,2019/20,1237,Brighton & Hove Albion,15,38,41,39,54,-15,54540000.0,54.54,13,50.845392757140765,-9.845392757140765
2019,2019/20,379,West Ham United,16,38,39,49,62,-13,115300000.0,115.3,9,55.528708266579315,-16.528708266579315
2019,2019/20,405,Aston Villa,17,38,35,41,67,-26,129600000.0,129.6,15,56.63093690030169,-21.63093690030169
2019,2019/20,989,AFC Bournemouth,18,38,34,40,65,-25,47760000.0,47.76,8,50.322797642690574,-16.322797642690574
2019,2019/20,1010,Watford FC,19,38,34,36,64,-28,56000000.0,56.0,15,50.957927988276055,-16.957927988276055
2019,2019/20,1123,Norwich City,20,38,21,26,75,-49,1330000.0,1.33,8,46.744023134737446,-25.744023134737446
2020,2020/21,281,Manchester City,1,38,86,83,32,51,167400000.0,167.4,22,59.54452028174964,26.45547971825036
2020,2020/21,985,Manchester United,2,38,74,73,44,29,89950000.0,89.95,14,53.57475750679875,20.425242493201253
2020,2020/21,31,Liverpool FC,3,38,69,68,42,26,82300000.0,82.3,12,52.98510372722,16.01489627278
2020,2020/21,631,Chelsea FC,4,38,67,58,36,22,267200000.0,267.2,22,67.2369970401757,-0.23699704017569445
2020,2020/21,1003,Leicester City,5,38,66,68,50,18,55900000.0,55.9,9,50.95022009573254,15.04977990426746
2020,2020/21,379,West Ham United,6,38,65,62,47,15,46900000.0,46.9,8,50.256509766816365,14.743490233183635
2020,2020/21,148,Tottenham Hotspur,7,38,62,68,45,23,107500000.0,107.5,13,54.92749264818529,7.072507351814707
2020,2020/21,11,Arsenal FC,8,38,61,55,39,16,84000000.0,84.0,15,53.11613790045972,7.883862099540281
2020,2020/21,29,Everton FC,9,38,59,47,48,-1,74370000.0,74.37,13,52.37386784851941,6.62613215148059
2020,2020/21,399,Leeds United,10,38,59,62,54,8,75800000.0,75.8,7,52.484090711891646,6.515909288108354
2020,2020/21,405,Aston Villa,11,38,55,55,46,9,101350000.0,101.35,8,54.45345725675924,0.5465427432407566
2020,2020/21,543,Wolverhampton Wanderers,12,38,45,36,52,-16,84589000.0,84.589,21,53.16153738754101,-8.16153738754101
2020,2020/21,762,Newcastle United,13,38,45,46,62,-16,38750000.0,38.75,9,49.628316524520045,-4.628316524520045
2020,2020/21,873,Crystal Palace,14,38,44,41,66,-25,18900000.0,18.9,7,48.0982998546327,-4.0982998546327
2020,2020/21,180,Southampton FC,15,38,43,47,68,-21,25300000.0,25.3,10,48.59160497741754,-5.591604977417539
2020,2020/21,1237,Brighton & Hove Albion,16,38,41,40,46,-6,46200000.0,46.2,16,50.20255451901177,-9.20255451901177
2020,2020/21,931,Fulham FC,17,38,28,27,53,-26,13450000.0,13.45,11,47.67821971101124,-19.678219711011238
2020,2020/21,984,West Bromwich Albion,18,38,26,35,76,-41,21750000.0,21.75,8,48.31797479212282,-22.31797479212282
2020,2020/21,350,Sheffield United,19,38,23,20,63,-43,62700000.0,62.7,11,51.47435678869143,-28.47435678869143
2021,2021/22,281,Manchester City,1,38,93,99,26,73,138900000.0,138.9,20,57.34777090684841,35.65222909315159
2021,2021/22,31,Liverpool FC,2,38,92,94,26,68,89000000.0,89.0,9,53.501532527635376,38.498467472364624
2021,2021/22,631,Chelsea FC,3,38,74,76,33,43,113000000.0,113.0,10,55.351426738078516,18.648573261921484
2021,2021/22,148,Tottenham Hotspur,4,38,71,69,40,29,85900000.0,85.9,14,53.26258785878647,17.737412141213532
2021,2021/22,11,Arsenal FC,5,38,69,61,48,13,167400000.0,167.4,17,59.54452028174964,9.45547971825036
2021,2021/22,985,Manchester United,6,38,58,57,57,0,142000000.0,142.0,15,57.58671557569731,0.4132844243026881
2021,2021/22,379,West Ham United,7,38,56,60,51,9,67300000.0,67.3,8,51.82891984569304,4.1710801543069635
2021,2021/22,1003,Leicester City,8,38,52,62,59,3,37600000.0,37.6,6,49.539675760269645,2.4603242397303546
2021,2021/22,543,Wolverhampton Wanderers,9,38,51,38,43,-5,31600000.0,31.6,22,49.077202207658864,1.922797792341136
2021,2021/22,1237,Brighton & Hove Albion,10,38,51,42,44,-2,52580000.0,52.58,18,50.69431806328791,0.3056819367120909
2021,2021/22,762,Newcastle United,11,38,49,44,62,-18,130500000.0,130.5,10,56.70030793319331,-7.700307933193308
2021,2021/22,873,Crystal Palace,12,38,48,50,46,4,85620000.0,85.62,10,53.24100575966463,-5.241005759664631
2021,2021/22,1148,Brentford FC,13,38,46,48,56,-8,37200000.0,37.2,12,49.508844190095594,-3.5088441900955942
2021,2021/22,405,Aston Villa,14,38,45,52,54,-2,129800000.0,129.8,16,56.64635268538872,-11.64635268538872
2021,2021/22,180,Southampton FC,15,38,40,43,67,-24,63400000.0,63.4,7,51.528312036496025,-11.528312036496025
2021,2021/22,29,Everton FC,16,38,39,43,66,-23,39500000.0,39.5,13,49.686125718596394,-10.686125718596394
2021,2021/22,399,Leeds United,17,38,38,42,79,-37,59300000.0,59.3,9,51.212288442211985,-13.212288442211985
2021,2021/22,1132,Burnley FC,18,38,35,34,53,-19,49400000.0,49.4,6,50.44920708040419,-15.449207080404193
2021,2021/22,1010,Watford FC,19,38,23,34,77,-43,34500000.0,34.5,21,49.300731091420744,-26.300731091420744
2021,2021/22,1123,Norwich City,20,38,22,23,84,-61,48750000.0,48.75,14,50.39910577887136,-28.39910577887136
2022,2022/23,281,Manchester City,1,38,89,94,33,61,155000000.0,155.0,16,58.58874160635401,30.411258393645987
2022,2022/23,11,Arsenal FC,2,38,84,88,43,45,186400000.0,186.4,21,61.00901986501712,22.990980134982877
2022,2022/23,985,Manchester United,3,38,75,58,43,15,238020000.0,238.02,17,64.98783399597858,10.012166004021424
2022,2022/23,762,Newcastle United,4,38,71,68,33,35,189100000.0,189.1,12,61.21713296369198,9.78286703630802
2022,2022/23,31,Liverpool FC,5,38,67,75,47,28,136400000.0,136.4,8,57.15507359326058,9.844926406739418
2022,2022/23,1237,Brighton & Hove Albion,6,38,62,72,53,19,55700000.0,55.7,12,50.93480431064552,11.065195689354482
2022,2022/23,405,Aston Villa,7,38,61,51,46,5,112500000.0,112.5,18,55.31288727536095,5.68711272463905
2022,2022/23,148,Tottenham Hotspur,8,38,60,70,63,7,173700000.0,173.7,19,60.03011751199096,-0.03011751199095869
2022,2022/23,1148,Brentford FC,9,38,59,58,46,12,48250000.0,48.25,18,50.36056631615379,8.639433683846207
2022,2022/23,931,Fulham FC,10,38,52,55,53,2,76100000.0,76.1,17,52.50721438952218,-0.5072143895221828
2022,2022/23,873,Crystal Palace,11,38,45,40,49,-9,46600000.0,46.6,12,50.23338608918583,-5.233386089185828
2022,2022/23,631,Chelsea FC,12,38,44,38,47,-9,616250000.0,616.25,28,94.14139596330814,-50.14139596330814
2022,2022/23,543,Wolverhampton Wanderers,13,38,41,31,58,-27,177507000.0,177.507,27,60.32355698112251,-19.323556981122508
2022,2022/23,379,West Ham United,14,38,40,42,55,-13,196600000.0,196.6,12,61.79522490445546,-21.79522490445546
2022,2022/23,989,AFC Bournemouth,15,38,39,37,71,-34,92650000.0,92.65,18,53.782870605473605,-14.782870605473605
2022,2022/23,703,Nottingham Forest,16,38,38,38,68,-30,188850000.0,188.85,41,61.19786323233319,-23.19786323233319
2022,2022/23,29,Everton FC,17,38,36,34,57,-23,83070000.0,83.07,18,53.04445449980505,-17.04445449980505
2022,2022/23,1003,Leicester City,18,38,34,51,68,-17,48000000.0,48.0,8,50.34129658479501,-16.34129658479501
2022,2022/23,399,Leeds United,19,38,31,48,78,-30,156840000.0,156.84,15,58.730566829154654,-27.730566829154654
2022,2022/23,180,Southampton FC,20,38,25,36,73,-37,154210000.0,154.21,22,58.527849255260264,-33.527849255260264
2023,2023/24,281,Manchester City,1,38,91,96,34,62,259600000.0,259.6,16,66.65119720686872,24.348802793131284
2023,2023/24,11,Arsenal FC,2,38,89,91,29,62,231600000.0,231.6,10,64.49298729468504,24.507012705314963
2023,2023/24,31,Liverpool FC,3,38,82,86,41,45,172000000.0,172.0,13,59.89908333875124,22.10091666124876
2023,2023/24,405,Aston Villa,4,38,68,76,61,15,106500000.0,106.5,15,54.85041372275016,13.149586277249838
2023,2023/24,148,Tottenham Hotspur,5,38,66,74,61,13,275100000.0,275.1,24,67.84592055111324,-1.8459205511132382
2023,2023/24,631,Chelsea FC,6,38,63,77,63,14,464100000.0,464.1,27,82.41383745835297,-19.413837458352972
2023,2023/24,762,Newcastle United,7,38,60,85,62,23,150000000.0,150.0,13,58.20334697917836,1.796653020821637
2023,2023/24,985,Manchester United,8,38,60,57,58,-1,202700000.0,202.7,16,62.265406349609755,-2.265406349609755
2023,2023/24,379,West Ham United,9,38,52,60,74,-14,137550000.0,137.55,11,57.24371435751098,-5.2437143575109815
2023,2023/24,873,Crystal Palace,10,38,49,57,58,-1,67800000.0,67.8,8,51.8674593084106,-2.867459308410602
2023,2023/24,29,Everton FC,11,38,48,40,51,-11,37500000.0,37.5,8,49.53196786772613,-1.5319678677261308
2023,2023/24,989,AFC Bournemouth,12,38,48,54,67,-13,129890000.0,129.89,22,56.653289788677874,-8.653289788677874
2023,2023/24,1237,Brighton & Hove Albion,13,38,48,55,62,-7,106850000.0,106.85,21,54.87739134665246,-6.877391346652459
2023,2023/24,931,Fulham FC,14,38,47,55,61,-6,68470000.0,68.47,12,51.919102188452136,-4.919102188452136
2023,2023/24,543,Wolverhampton Wanderers,15,38,46,50,65,-15,94000000.0,94.0,27,53.886927154811026,-7.886927154811026
2023,2023/24,1148,Brentford FC,16,38,39,56,65,-9,72350000.0,72.35,14,52.21816841914045,-13.218168419140447
2023,2023/24,703,Nottingham Forest,17,38,36,49,67,-18,129480000.0,129.48,37,56.62168742924948,-20.621687429249477
2023,2023/24,1031,Luton Town,18,38,26,52,85,-33,25900000.0,25.9,25,48.63785233267861,-22.637852332678612
2023,2023/24,1132,Burnley FC,19,38,24,41,78,-37,111050000.0,111.05,31,55.201122833480014,-31.201122833480014
2023,2023/24,350,Sheffield United,20,38,16,35,104,-69,66950000.0,66.95,16,51.80194222179074,-35.80194222179074
2024,2024/25,31,Liverpool FC,1,38,84,86,41,45,42000000.0,42.0,8,49.87882303218422,34.12117696781578
2024,2024/25,11,Arsenal FC,2,38,74,69,34,35,107600000.0,107.6,12,54.93520054072881,19.064799459271192
2024,2024/25,281,Manchester City,3,38,71,72,44,28,243000000.0,243.0,16,65.37168704464554,5.62831295535446
2024,2024/25,631,Chelsea FC,4,38,69,64,43,21,276000000.0,276.0,30,67.91529158400485,1.084708415995152
2024,2024/25,405,Aston Villa,5,38,66,58,51,7,208200000.0,208.2,24,62.68934043950298,3.3106595604970224
2024,2024/25,762,Newcastle United,6,38,66,68,47,21,68200000.0,68.2,9,51.89829087858465,14.101709121415347
2024,2024/25,703,Nottingham Forest,7,38,65,58,46,12,105500000.0,105.5,23,54.77333479731503,10.22666520268497
2024,2024/25,1237,Brighton & Hove Albion,8,38,61,66,59,7,281450000.0,281.45,27,68.33537172762631,-7.33537172762631
2024,2024/25,989,AFC Bournemouth,9,38,56,58,46,12,133770000.0,133.77,23,56.952356019366185,-0.9523560193661851
2024,2024/25,1148,Brentford FC,10,38,56,66,57,9,85900000.0,85.9,14,53.26258785878647,2.7374121412135324
2024,2024/25,931,Fulham FC,11,38,54,54,54,0,91550000.0,91.55,7,53.69808378749496,0.3019162125050414
2024,2024/25,873,Crystal Palace,12,38,53,51,51,0,91900000.0,91.9,18,53.725061411397256,-0.725061411397256
2024,2024/25,29,Everton FC,13,38,48,42,44,-2,48200000.0,48.2,11,50.35671236988203,-2.3567123698820325
2024,2024/25,379,West Ham United,14,38,43,46,62,-16,144400000.0,144.4,14,57.771704996741626,-14.771704996741626
2024,2024/25,543,Wolverhampton Wanderers,15,38,42,54,69,-15,113900000.0,113.9,19,55.42079777097013,-13.420797770970132
2024,2024/25,985,Manchester United,16,38,42,44,54,-10,246300000.0,246.3,11,65.62604749858147,-23.62604749858147
2024,2024/25,148,Tottenham Hotspur,17,38,38,64,65,-1,175350000.0,175.35,15,60.15729773895893,-22.15729773895893
2024,2024/25,1003,Leicester City,18,38,25,33,80,-47,90050000.0,90.05,14,53.58246539934226,-28.58246539934226
2024,2024/25,677,Ipswich Town,19,38,22,36,82,-46,148690000.0,148.69,19,58.102373586858334,-36.102373586858334
2024,2024/25,180,Southampton FC,20,38,12,26,86,-60,123050000.0,123.05,26,56.12606993870158,-44.12606993870158
